a,b,c,d,e,f,g,h,i,j,k,l,m,n,o,p,q,r,s,t,u
a1.jpg,b1.jpg,c1.jpg,d1.jpg,e1.jpg,f1.jpg,g1.jpg,h1.jpg,i1.jpg,j1.jpg,k1.jpg,l1.jpg,m1.jpg,n1.jpg,o1.jpg,p1.jpg,q1.jpg,r1.jpg,s1.jpg,t1.jpg,tk3.mp4
a2.jpg,b2.jpg,c2.jpg,d2.jpg,e2.jpg,f2.jpg,g2.jpg,h2.jpg,i2.jpg,j2.jpg,k2.jpg,l2.jpg,m2.jpg,n2.jpg,o2.jpg,p2.jpg,q2.jpg,r2.jpg,s2.jpg,t2.jpg,
a3.jpg,b3.jpg,c3.jpg,d3.jpg,e3.jpg,f3.jpg,g3.jpg,h3.jpg,i3.jpg,j3.jpg,k3.jpg,l3.jpg,m3.jpg,n3.jpg,o3.jpg,p3.jpg,q3.jpg,r3.jpg,s3.jpg,t3.jpg,
a4.jpg,b4.jpg,c4.jpg,d4.jpg,e4.jpg,f4.jpg,g4.jpg,h4.jpg,i4.jpg,j4.jpg,k4.jpg,l4.jpg,m4.jpg,n4.jpg,o4.jpg,p4.jpg,q4.jpg,r4.jpg,s4.jpg,t4.jpg,
a5.jpg,b5.jpg,c5.jpg,d5.jpg,e5.jpg,f5.jpg,g5.jpg,h5.jpg,i5.jpg,j5.jpg,k5.jpg,l5.jpg,m5.jpg,n5.jpg,o5.jpg,p5.jpg,q5.jpg,r5.jpg,s5.jpg,t5.jpg,
a6.jpg,b6.jpg,c6.jpg,d6.jpg,e6.jpg,f6.jpg,g6.jpg,,i6.jpg,j6.jpg,k6.jpg,l6.jpg,m6.jpg,n6.jpg,o6.jpg,p6.jpg,q6.jpg,r6.jpg,s6.jpg,t6.jpg,
a7.jpg,b7.jpg,c7.jpg,d7.jpg,e7.jpg,f7.jpg,g7.jpg,,i7.jpg,j7.jpg,k7.jpg,l7.jpg,m7.jpg,n7.jpg,o7.jpg,p7.jpg,q7.jpg,r7.jpg,s7.jpg,t7.jpg,
a8.jpg,b8.jpg,c8.jpg,d8.jpg,e8.jpg,f8.jpg,g8.jpg,,i8.jpg,j8.jpg,k8.jpg,l8.jpg,m8.jpg,n8.jpg,o8.jpg,p8.jpg,q8.jpg,r8.jpg,s8.jpg,t8.jpg,
a9.jpg,b9.jpg,c9.jpg,d9.jpg,e9.jpg,f9.jpg,g9.jpg,,i9.jpg,j9.jpg,k9.jpg,,m9.jpg,n9.mp4,o9.jpg,p9.jpg,q9.jpg,r9.jpg,s9.jpg,t9.jpg,
a10.jpg,b10.jpg,c10.jpg,d10.jpg,e10.jpg,f10.jpg,g10.jpg,,i10.jpg,j10.jpg,k10.jpg,,m10.jpg,,o10.jpg,p10.jpg,q10.jpg,r10.jpg,s1.jpg,t8.mp4,
a11.jpg,b11.jpg,c11.jpg,d11.jpg,e11.mp4,f11.jpg,g11.jpg,,i11.jpg,j11.jpg,k11.mp4,,m11.jpg,,o11.jpg,p11.jpg,q11.jpg,r11.jpg,s11.jpg,,
a12.jpg,b12.jpg,c12.jpg,d12.jpg,e12.jpg,f12.jpg,g12.jpg,,i12.jpg,j12.jpg,,,m12.jpg,,o12.jpg,p12.jpg,q12.jpg,r12.jpg,s12.jpg,,
a13.jpg,b13.jpg,c13.jpg,d13.jpg,,f13.jpg,g13.jpg,,i13.jpg,j13.jpg,,,m13.jpg,,,p13.jpg,q13.jpg,r13.jpg,s13.jpg,,
a14.jpg,b14.jpg,c14.jpg,d14.jpg,,f14.jpg,g14.jpg,,i14.jpg,,,,m14.jpg,,,p14.jpg,q14.jpg,,,,
a15.jpg,b15.jpg,c15.jpg,d15.jpg,,f15.jpg,g15.jpg,,i15.jpg,,,,m15.jpg,,,p15.jpg,q15.jpg,,,,
a16.jpg,,c16.jpg,d16.jpg,,,g16.jpg,,i16.jpg,,,,,,,p16.mp4,,,,,
a17.jpg,,,d17.jpg,,,,,i17.mp4,,,,,,,,,,,,
,,,d18.jpg,,,,,,,,,,,,,,,,,
,,,d19.jpg,,,,,,,,,,,,,,,,,
,,,d20.jpg,,,,,,,,,,,,,,,,,
,,,d21.mp4,,,,,,,,,,,,,,,,,
